{"cameraMode":{"drawMode":0,"name":"Shaded","section":"Shading Mode"},"sceneLighting":true,"audioPlay":false,"sceneViewState":{"showFog":true,"showMaterialUpdate":false,"showSkybox":true,"showFlares":true,"showImageEffects":true,"showParticleSystems":true},"in2DMode":false,"pivot":{"x":1006.73583984375,"y":1315.9974365234375,"z":822.9296875},"rotation":{"x":-0.3530569076538086,"y":-0.6441542506217957,"z":0.5149340629577637,"w":-0.44205355644226076},"size":914.7406616210938,"orthographic":false}