{"cameraMode":{"drawMode":0,"name":"Shaded","section":"Shading Mode"},"sceneLighting":true,"audioPlay":false,"sceneViewState":{"showFog":true,"showMaterialUpdate":false,"showSkybox":true,"showFlares":true,"showImageEffects":true,"showParticleSystems":true},"in2DMode":false,"pivot":{"x":78.2139663696289,"y":96.5945816040039,"z":-6.707266330718994},"rotation":{"x":-0.2972847521305084,"y":-0.21693770587444306,"z":0.06999742239713669,"w":-0.9272531867027283},"size":26.75716781616211,"orthographic":false}