{"cameraMode":{"drawMode":0,"name":"Shaded","section":"Shading Mode"},"sceneLighting":true,"audioPlay":false,"sceneViewState":{"showFog":true,"showMaterialUpdate":false,"showSkybox":true,"showFlares":true,"showImageEffects":true,"showParticleSystems":true},"in2DMode":false,"pivot":{"x":-0.8837020993232727,"y":1.2139617204666138,"z":2.6788218021392824},"rotation":{"x":-0.01913132146000862,"y":-0.9686689972877502,"z":0.23474089801311494,"w":-0.07990535348653794},"size":0.09439859539270401,"orthographic":false}